Plage,échantillon,orientation,position,substrat,fréquentation,situation,distance,objet,compte,slug,region
Amphion,74_Amp_1,NE,1,2,3,1,1,fragments,0.0,amphion,Grand lac
Amphion,74_Amp_1,NE,1,2,3,1,1,fibres,97.0,amphion,Grand lac
Amphion,74_Amp_1,NE,1,2,3,1,1,souple,0.0,amphion,Grand lac
Amphion,74_Amp_10,NNE,2,2,3,1,1,fragments,38.0,amphion,Grand lac
Amphion,74_Amp_10,NNE,2,2,3,1,1,fibres,140.0,amphion,Grand lac
Amphion,74_Amp_10,NNE,2,2,3,1,1,souple,34.0,amphion,Grand lac
Amphion,74_Amp_2,NNE,1,2,3,1,1,fragments,3.0,amphion,Grand lac
Amphion,74_Amp_2,NNE,1,2,3,1,1,fibres,121.0,amphion,Grand lac
Amphion,74_Amp_2,NNE,1,2,3,1,1,souple,12.0,amphion,Grand lac
Amphion,74_Amp_3,NE,1,2,3,1,1,fragments,0.0,amphion,Grand lac
Amphion,74_Amp_3,NE,1,2,3,1,1,fibres,31.0,amphion,Grand lac
Amphion,74_Amp_3,NE,1,2,3,1,1,souple,0.0,amphion,Grand lac
Amphion,74_Amp_4,NNE,1,2,3,1,1,fragments,2.0,amphion,Grand lac
Amphion,74_Amp_4,NNE,1,2,3,1,1,fibres,179.0,amphion,Grand lac
Amphion,74_Amp_4,NNE,1,2,3,1,1,souple,1.0,amphion,Grand lac
Amphion,74_Amp_5,NE,2,2,3,1,1,fragments,6.0,amphion,Grand lac
Amphion,74_Amp_5,NE,2,2,3,1,1,fibres,70.0,amphion,Grand lac
Amphion,74_Amp_5,NE,2,2,3,1,1,souple,12.0,amphion,Grand lac
Amphion,74_Amp_6,NE,2,2,3,1,1,fragments,7.0,amphion,Grand lac
Amphion,74_Amp_6,NE,2,2,3,1,1,fibres,167.0,amphion,Grand lac
Amphion,74_Amp_6,NE,2,2,3,1,1,souple,14.0,amphion,Grand lac
Amphion,74_Amp_7,NE,2,2,3,1,1,fragments,9.0,amphion,Grand lac
Amphion,74_Amp_7,NE,2,2,3,1,1,fibres,44.0,amphion,Grand lac
Amphion,74_Amp_7,NE,2,2,3,1,1,souple,18.0,amphion,Grand lac
Amphion,74_Amp_8,NNE,2,2,3,1,1,fragments,1.0,amphion,Grand lac
Amphion,74_Amp_8,NNE,2,2,3,1,1,fibres,46.0,amphion,Grand lac
Amphion,74_Amp_8,NNE,2,2,3,1,1,souple,5.0,amphion,Grand lac
Amphion,74_Amp_9,NNE,2,2,3,1,1,fragments,13.0,amphion,Grand lac
Amphion,74_Amp_9,NNE,2,2,3,1,1,fibres,205.0,amphion,Grand lac
Amphion,74_Amp_9,NNE,2,2,3,1,1,souple,12.0,amphion,Grand lac
Anthy,74_Ant_1,NNO,1,2,2,1,1,fragments,5.0,anthy,Grand lac
Anthy,74_Ant_1,NNO,1,2,2,1,1,fibres,29.0,anthy,Grand lac
Anthy,74_Ant_1,NNO,1,2,2,1,1,souple,4.0,anthy,Grand lac
Anthy,74_Ant_2,NNO,1,2,2,1,1,fragments,8.0,anthy,Grand lac
Anthy,74_Ant_2,NNO,1,2,2,1,1,fibres,33.0,anthy,Grand lac
Anthy,74_Ant_2,NNO,1,2,2,1,1,souple,16.0,anthy,Grand lac
Anthy,74_Ant_3,NNO,1,2,2,1,1,fragments,9.0,anthy,Grand lac
Anthy,74_Ant_3,NNO,1,2,2,1,1,fibres,61.0,anthy,Grand lac
Anthy,74_Ant_3,NNO,1,2,2,1,1,souple,1.0,anthy,Grand lac
Anthy,74_Ant_4,NNO,2,2,2,1,1,fragments,13.0,anthy,Grand lac
Anthy,74_Ant_4,NNO,2,2,2,1,1,fibres,166.0,anthy,Grand lac
Anthy,74_Ant_4,NNO,2,2,2,1,1,souple,28.0,anthy,Grand lac
Anthy,74_Ant_5,NNO,2,2,2,1,1,fragments,6.0,anthy,Grand lac
Anthy,74_Ant_5,NNO,2,2,2,1,1,fibres,105.0,anthy,Grand lac
Anthy,74_Ant_5,NNO,2,2,2,1,1,souple,11.0,anthy,Grand lac
Anthy,74_Ant_6,NNO,2,2,2,1,1,fragments,16.0,anthy,Grand lac
Anthy,74_Ant_6,NNO,2,2,2,1,1,fibres,156.0,anthy,Grand lac
Anthy,74_Ant_6,NNO,2,2,2,1,1,souple,35.0,anthy,Grand lac
Aubonne,VD_Aub_1,ONO,1,2,2,1,2,fragments,5.0,aubonne,Grand lac
Aubonne,VD_Aub_1,ONO,1,2,2,1,2,fibres,39.0,aubonne,Grand lac
Aubonne,VD_Aub_1,ONO,1,2,2,1,2,souple,0.0,aubonne,Grand lac
Aubonne,VD_Aub_2,O,1,2,2,1,2,fragments,8.0,aubonne,Grand lac
Aubonne,VD_Aub_2,O,1,2,2,1,2,fibres,51.0,aubonne,Grand lac
Aubonne,VD_Aub_2,O,1,2,2,1,2,souple,0.0,aubonne,Grand lac
Aubonne,VD_Aub_3,OSO,1,2,2,1,2,fragments,2.0,aubonne,Grand lac
Aubonne,VD_Aub_3,OSO,1,2,2,1,2,fibres,86.0,aubonne,Grand lac
Aubonne,VD_Aub_3,OSO,1,2,2,1,2,souple,1.0,aubonne,Grand lac
Aubonne,VD_Aub_4,OSO,1,2,2,1,2,fragments,37.0,aubonne,Grand lac
Aubonne,VD_Aub_4,OSO,1,2,2,1,2,fibres,30.0,aubonne,Grand lac
Aubonne,VD_Aub_4,OSO,1,2,2,1,2,souple,0.0,aubonne,Grand lac
Aubonne,VD_Aub_5,SO,1,2,2,1,2,fragments,11.0,aubonne,Grand lac
Aubonne,VD_Aub_5,SO,1,2,2,1,2,fibres,42.0,aubonne,Grand lac
Aubonne,VD_Aub_5,SO,1,2,2,1,2,souple,2.0,aubonne,Grand lac
Aubonne,VD_Aub_6,ONO,2,2,2,1,2,fragments,10.0,aubonne,Grand lac
Aubonne,VD_Aub_6,ONO,2,2,2,1,2,fibres,76.0,aubonne,Grand lac
Aubonne,VD_Aub_6,ONO,2,2,2,1,2,souple,1.0,aubonne,Grand lac
Aubonne,VD_Aub_7,OSO,2,2,2,1,2,fragments,5.0,aubonne,Grand lac
Aubonne,VD_Aub_7,OSO,2,2,2,1,2,fibres,132.0,aubonne,Grand lac
Aubonne,VD_Aub_7,OSO,2,2,2,1,2,souple,72.0,aubonne,Grand lac
Aubonne,VD_Aub_9,OSO,2,2,2,1,2,fragments,17.0,aubonne,Grand lac
Aubonne,VD_Aub_9,OSO,2,2,2,1,2,fibres,105.0,aubonne,Grand lac
Aubonne,VD_Aub_9,OSO,2,2,2,1,2,souple,39.0,aubonne,Grand lac
Baby Plage,GE_Bab_1,NNE,1,1,3,2,1,fragments,1.0,baby-plage,Petit lac
Baby Plage,GE_Bab_1,NNE,1,1,3,2,1,fibres,22.0,baby-plage,Petit lac
Baby Plage,GE_Bab_1,NNE,1,1,3,2,1,souple,0.0,baby-plage,Petit lac
Baby Plage,GE_Bab_10,N,2,1,3,2,1,fragments,7.0,baby-plage,Petit lac
Baby Plage,GE_Bab_10,N,2,1,3,2,1,fibres,169.0,baby-plage,Petit lac
Baby Plage,GE_Bab_10,N,2,1,3,2,1,souple,21.0,baby-plage,Petit lac
Baby Plage,GE_Bab_11,N,2,1,3,2,1,fragments,52.0,baby-plage,Petit lac
Baby Plage,GE_Bab_11,N,2,1,3,2,1,fibres,105.0,baby-plage,Petit lac
Baby Plage,GE_Bab_11,N,2,1,3,2,1,souple,59.0,baby-plage,Petit lac
Baby Plage,GE_Bab_2,N,1,1,3,2,1,fragments,3.0,baby-plage,Petit lac
Baby Plage,GE_Bab_2,N,1,1,3,2,1,fibres,122.0,baby-plage,Petit lac
Baby Plage,GE_Bab_2,N,1,1,3,2,1,souple,0.0,baby-plage,Petit lac
Baby Plage,GE_Bab_3,N,1,1,3,2,1,fragments,1.0,baby-plage,Petit lac
Baby Plage,GE_Bab_3,N,1,1,3,2,1,fibres,31.0,baby-plage,Petit lac
Baby Plage,GE_Bab_3,N,1,1,3,2,1,souple,0.0,baby-plage,Petit lac
Baby Plage,GE_Bab_4,N,1,1,3,2,1,fragments,6.0,baby-plage,Petit lac
Baby Plage,GE_Bab_4,N,1,1,3,2,1,fibres,21.0,baby-plage,Petit lac
Baby Plage,GE_Bab_4,N,1,1,3,2,1,souple,0.0,baby-plage,Petit lac
Baby Plage,GE_Bab_5,N,1,1,3,2,1,fragments,19.0,baby-plage,Petit lac
Baby Plage,GE_Bab_5,N,1,1,3,2,1,fibres,119.0,baby-plage,Petit lac
Baby Plage,GE_Bab_5,N,1,1,3,2,1,souple,0.0,baby-plage,Petit lac
Baby Plage,GE_Bab_6,NNE,2,1,3,2,1,fragments,8.0,baby-plage,Petit lac
Baby Plage,GE_Bab_6,NNE,2,1,3,2,1,fibres,51.0,baby-plage,Petit lac
Baby Plage,GE_Bab_6,NNE,2,1,3,2,1,souple,0.0,baby-plage,Petit lac
Baby Plage,GE_Bab_7,NNE,2,1,3,2,1,fragments,12.0,baby-plage,Petit lac
Baby Plage,GE_Bab_7,NNE,2,1,3,2,1,fibres,88.0,baby-plage,Petit lac
Baby Plage,GE_Bab_7,NNE,2,1,3,2,1,souple,0.0,baby-plage,Petit lac
Baby Plage,GE_Bab_8,N,2,1,3,2,1,fragments,16.0,baby-plage,Petit lac
Baby Plage,GE_Bab_8,N,2,1,3,2,1,fibres,203.0,baby-plage,Petit lac
Baby Plage,GE_Bab_8,N,2,1,3,2,1,souple,4.0,baby-plage,Petit lac
Baby Plage,GE_Bab_9,N,2,1,3,2,1,fragments,8.0,baby-plage,Petit lac
Baby Plage,GE_Bab_9,N,2,1,3,2,1,fibres,148.0,baby-plage,Petit lac
Baby Plage,GE_Bab_9,N,2,1,3,2,1,souple,12.0,baby-plage,Petit lac
Bouveret,VS_Bou_1,ONO,1,1,3,1,1,fragments,14.0,bouveret,Haut lac
Bouveret,VS_Bou_1,ONO,1,1,3,1,1,fibres,68.0,bouveret,Haut lac
Bouveret,VS_Bou_1,ONO,1,1,3,1,1,souple,0.0,bouveret,Haut lac
Bouveret,VS_Bou_10,O,2,1,3,1,1,fragments,15.0,bouveret,Haut lac
Bouveret,VS_Bou_10,O,2,1,3,1,1,fibres,80.0,bouveret,Haut lac
Bouveret,VS_Bou_10,O,2,1,3,1,1,souple,47.0,bouveret,Haut lac
Bouveret,VS_Bou_11,O,2,1,3,1,1,fragments,29.0,bouveret,Haut lac
Bouveret,VS_Bou_11,O,2,1,3,1,1,fibres,883.0,bouveret,Haut lac
Bouveret,VS_Bou_11,O,2,1,3,1,1,souple,104.0,bouveret,Haut lac
Bouveret,VS_Bou_2,ONO,1,1,3,1,1,fragments,9.0,bouveret,Haut lac
Bouveret,VS_Bou_2,ONO,1,1,3,1,1,fibres,100.0,bouveret,Haut lac
Bouveret,VS_Bou_2,ONO,1,1,3,1,1,souple,0.0,bouveret,Haut lac
Bouveret,VS_Bou_3,O,1,1,3,1,1,fragments,1.0,bouveret,Haut lac
Bouveret,VS_Bou_3,O,1,1,3,1,1,fibres,36.0,bouveret,Haut lac
Bouveret,VS_Bou_3,O,1,1,3,1,1,souple,0.0,bouveret,Haut lac
Bouveret,VS_Bou_4,O,1,1,3,1,1,fragments,18.0,bouveret,Haut lac
Bouveret,VS_Bou_4,O,1,1,3,1,1,fibres,37.0,bouveret,Haut lac
Bouveret,VS_Bou_4,O,1,1,3,1,1,souple,2.0,bouveret,Haut lac
Bouveret,VS_Bou_5,O,1,1,3,1,1,fragments,59.0,bouveret,Haut lac
Bouveret,VS_Bou_5,O,1,1,3,1,1,fibres,199.0,bouveret,Haut lac
Bouveret,VS_Bou_5,O,1,1,3,1,1,souple,0.0,bouveret,Haut lac
Bouveret,VS_Bou_6,OSO,1,1,3,1,1,fragments,0.0,bouveret,Haut lac
Bouveret,VS_Bou_6,OSO,1,1,3,1,1,fibres,35.0,bouveret,Haut lac
Bouveret,VS_Bou_6,OSO,1,1,3,1,1,souple,0.0,bouveret,Haut lac
Bouveret,VS_Bou_7,OSO,1,1,3,1,1,fragments,5.0,bouveret,Haut lac
Bouveret,VS_Bou_7,OSO,1,1,3,1,1,fibres,53.0,bouveret,Haut lac
Bouveret,VS_Bou_7,OSO,1,1,3,1,1,souple,0.0,bouveret,Haut lac
Bouveret,VS_Bou_8,ONO,2,1,3,1,1,fragments,12.0,bouveret,Haut lac
Bouveret,VS_Bou_8,ONO,2,1,3,1,1,fibres,185.0,bouveret,Haut lac
Bouveret,VS_Bou_8,ONO,2,1,3,1,1,souple,75.0,bouveret,Haut lac
Bouveret,VS_Bou_9,ONO,2,1,3,1,1,fragments,14.0,bouveret,Haut lac
Bouveret,VS_Bou_9,ONO,2,1,3,1,1,fibres,91.0,bouveret,Haut lac
Bouveret,VS_Bou_9,ONO,2,1,3,1,1,souple,81.0,bouveret,Haut lac
Clarens,VD_Cls_1,SSO,1,2,3,2,1,fragments,7.0,clarens,Haut lac
Clarens,VD_Cls_1,SSO,1,2,3,2,1,fibres,44.0,clarens,Haut lac
Clarens,VD_Cls_1,SSO,1,2,3,2,1,souple,1.0,clarens,Haut lac
Clarens,VD_Cls_2,SSO,1,2,3,2,1,fragments,3.0,clarens,Haut lac
Clarens,VD_Cls_2,SSO,1,2,3,2,1,fibres,84.0,clarens,Haut lac
Clarens,VD_Cls_2,SSO,1,2,3,2,1,souple,2.0,clarens,Haut lac
Clarens,VD_Cls_3,SSO,1,2,3,2,1,fragments,7.0,clarens,Haut lac
Clarens,VD_Cls_3,SSO,1,2,3,2,1,fibres,42.0,clarens,Haut lac
Clarens,VD_Cls_3,SSO,1,2,3,2,1,souple,0.0,clarens,Haut lac
Clarens,VD_Cls_4,SSO,1,2,3,2,1,fragments,2.0,clarens,Haut lac
Clarens,VD_Cls_4,SSO,1,2,3,2,1,fibres,25.0,clarens,Haut lac
Clarens,VD_Cls_4,SSO,1,2,3,2,1,souple,0.0,clarens,Haut lac
Clarens,VD_Cls_5,SSO,2,1,3,2,1,fragments,2.0,clarens,Haut lac
Clarens,VD_Cls_5,SSO,2,1,3,2,1,fibres,31.0,clarens,Haut lac
Clarens,VD_Cls_5,SSO,2,1,3,2,1,souple,4.0,clarens,Haut lac
Clarens,VD_Cls_6,SSO,2,1,3,2,1,fragments,17.0,clarens,Haut lac
Clarens,VD_Cls_6,SSO,2,1,3,2,1,fibres,119.0,clarens,Haut lac
Clarens,VD_Cls_6,SSO,2,1,3,2,1,souple,41.0,clarens,Haut lac
Crans,VD_Cra_1,SSE,1,1,2,1,2,fragments,2.0,crans,Petit lac
Crans,VD_Cra_1,SSE,1,1,2,1,2,fibres,17.0,crans,Petit lac
Crans,VD_Cra_1,SSE,1,1,2,1,2,souple,0.0,crans,Petit lac
Cully,VD_Cul_1,SO,1,2,2,1,1,fragments,11.0,cully,Haut lac
Cully,VD_Cul_1,SO,1,2,2,1,1,fibres,117.0,cully,Haut lac
Cully,VD_Cul_1,SO,1,2,2,1,1,souple,0.0,cully,Haut lac
Excenevex,74_Exc_1,NE,1,1,3,1,1,fragments,13.0,excenevex,Grand lac
Excenevex,74_Exc_1,NE,1,1,3,1,1,fibres,84.0,excenevex,Grand lac
Excenevex,74_Exc_1,NE,1,1,3,1,1,souple,21.0,excenevex,Grand lac
Excenevex,74_Exc_10,NE,2,1,3,1,1,fragments,43.0,excenevex,Grand lac
Excenevex,74_Exc_10,NE,2,1,3,1,1,fibres,110.0,excenevex,Grand lac
Excenevex,74_Exc_10,NE,2,1,3,1,1,souple,144.0,excenevex,Grand lac
Excenevex,74_Exc_11,NE,2,1,3,1,1,fragments,14.0,excenevex,Grand lac
Excenevex,74_Exc_11,NE,2,1,3,1,1,fibres,98.0,excenevex,Grand lac
Excenevex,74_Exc_11,NE,2,1,3,1,1,souple,3.0,excenevex,Grand lac
Excenevex,74_Exc_13,NE,2,1,3,1,1,fragments,33.0,excenevex,Grand lac
Excenevex,74_Exc_13,NE,2,1,3,1,1,fibres,68.0,excenevex,Grand lac
Excenevex,74_Exc_13,NE,2,1,3,1,1,souple,28.0,excenevex,Grand lac
Excenevex,74_Exc_14,NE,2,1,3,1,1,fragments,12.0,excenevex,Grand lac
Excenevex,74_Exc_14,NE,2,1,3,1,1,fibres,76.0,excenevex,Grand lac
Excenevex,74_Exc_14,NE,2,1,3,1,1,souple,12.0,excenevex,Grand lac
Excenevex,74_Exc_15,NE,2,1,3,1,1,fragments,36.0,excenevex,Grand lac
Excenevex,74_Exc_15,NE,2,1,3,1,1,fibres,124.0,excenevex,Grand lac
Excenevex,74_Exc_15,NE,2,1,3,1,1,souple,34.0,excenevex,Grand lac
Excenevex,74_Exc_17,NE,2,1,3,1,1,fragments,25.0,excenevex,Grand lac
Excenevex,74_Exc_17,NE,2,1,3,1,1,fibres,97.0,excenevex,Grand lac
Excenevex,74_Exc_17,NE,2,1,3,1,1,souple,21.0,excenevex,Grand lac
Excenevex,74_Exc_18,NE,2,1,3,1,1,fragments,25.0,excenevex,Grand lac
Excenevex,74_Exc_18,NE,2,1,3,1,1,fibres,108.0,excenevex,Grand lac
Excenevex,74_Exc_18,NE,2,1,3,1,1,souple,305.0,excenevex,Grand lac
Excenevex,74_Exc_19,NE,2,1,3,1,1,fragments,40.0,excenevex,Grand lac
Excenevex,74_Exc_19,NE,2,1,3,1,1,fibres,78.0,excenevex,Grand lac
Excenevex,74_Exc_19,NE,2,1,3,1,1,souple,34.0,excenevex,Grand lac
Excenevex,74_Exc_20,NE,2,1,3,1,1,fragments,4.0,excenevex,Grand lac
Excenevex,74_Exc_20,NE,2,1,3,1,1,fibres,44.0,excenevex,Grand lac
Excenevex,74_Exc_20,NE,2,1,3,1,1,souple,2.0,excenevex,Grand lac
Excenevex,74_Exc_21,NE,2,1,3,1,1,fragments,3.0,excenevex,Grand lac
Excenevex,74_Exc_21,NE,2,1,3,1,1,fibres,57.0,excenevex,Grand lac
Excenevex,74_Exc_21,NE,2,1,3,1,1,souple,6.0,excenevex,Grand lac
Excenevex,74_Exc_22,NE,2,1,3,1,1,fragments,59.0,excenevex,Grand lac
Excenevex,74_Exc_22,NE,2,1,3,1,1,fibres,110.0,excenevex,Grand lac
Excenevex,74_Exc_22,NE,2,1,3,1,1,souple,10.0,excenevex,Grand lac
Excenevex,74_Exc_23,NE,2,1,3,1,1,fragments,32.0,excenevex,Grand lac
Excenevex,74_Exc_23,NE,2,1,3,1,1,fibres,30.0,excenevex,Grand lac
Excenevex,74_Exc_23,NE,2,1,3,1,1,souple,25.0,excenevex,Grand lac
Excenevex,74_Exc_25,NE,2,1,3,1,1,fragments,22.0,excenevex,Grand lac
Excenevex,74_Exc_25,NE,2,1,3,1,1,fibres,51.0,excenevex,Grand lac
Excenevex,74_Exc_25,NE,2,1,3,1,1,souple,41.0,excenevex,Grand lac
Excenevex,74_Exc_27,NE,2,1,3,1,1,fragments,29.0,excenevex,Grand lac
Excenevex,74_Exc_27,NE,2,1,3,1,1,fibres,168.0,excenevex,Grand lac
Excenevex,74_Exc_27,NE,2,1,3,1,1,souple,65.0,excenevex,Grand lac
Excenevex,74_Exc_29,NE,2,1,3,1,1,fragments,12.0,excenevex,Grand lac
Excenevex,74_Exc_29,NE,2,1,3,1,1,fibres,40.0,excenevex,Grand lac
Excenevex,74_Exc_29,NE,2,1,3,1,1,souple,5.0,excenevex,Grand lac
Excenevex,74_Exc_3,NE,1,1,3,1,1,fragments,11.0,excenevex,Grand lac
Excenevex,74_Exc_3,NE,1,1,3,1,1,fibres,109.0,excenevex,Grand lac
Excenevex,74_Exc_3,NE,1,1,3,1,1,souple,10.0,excenevex,Grand lac
Excenevex,74_Exc_30,NE,2,1,3,1,1,fragments,12.0,excenevex,Grand lac
Excenevex,74_Exc_30,NE,2,1,3,1,1,fibres,59.0,excenevex,Grand lac
Excenevex,74_Exc_30,NE,2,1,3,1,1,souple,13.0,excenevex,Grand lac
Excenevex,74_Exc_31,NE,2,1,3,1,1,fragments,13.0,excenevex,Grand lac
Excenevex,74_Exc_31,NE,2,1,3,1,1,fibres,57.0,excenevex,Grand lac
Excenevex,74_Exc_31,NE,2,1,3,1,1,souple,12.0,excenevex,Grand lac
Excenevex,74_Exc_32,NE,2,1,3,1,1,fragments,39.0,excenevex,Grand lac
Excenevex,74_Exc_32,NE,2,1,3,1,1,fibres,187.0,excenevex,Grand lac
Excenevex,74_Exc_32,NE,2,1,3,1,1,souple,89.0,excenevex,Grand lac
Excenevex,74_Exc_33,NE,2,1,3,1,1,fragments,21.0,excenevex,Grand lac
Excenevex,74_Exc_33,NE,2,1,3,1,1,fibres,189.0,excenevex,Grand lac
Excenevex,74_Exc_33,NE,2,1,3,1,1,souple,83.0,excenevex,Grand lac
Excenevex,74_Exc_34,NE,2,1,3,1,1,fragments,20.0,excenevex,Grand lac
Excenevex,74_Exc_34,NE,2,1,3,1,1,fibres,176.0,excenevex,Grand lac
Excenevex,74_Exc_34,NE,2,1,3,1,1,souple,25.0,excenevex,Grand lac
Excenevex,74_Exc_4,NE,1,1,3,1,1,fragments,3.0,excenevex,Grand lac
Excenevex,74_Exc_4,NE,1,1,3,1,1,fibres,39.0,excenevex,Grand lac
Excenevex,74_Exc_4,NE,1,1,3,1,1,souple,9.0,excenevex,Grand lac
Excenevex,74_Exc_5,NE,1,1,3,1,1,fragments,1.0,excenevex,Grand lac
Excenevex,74_Exc_5,NE,1,1,3,1,1,fibres,33.0,excenevex,Grand lac
Excenevex,74_Exc_5,NE,1,1,3,1,1,souple,4.0,excenevex,Grand lac
Excenevex,74_Exc_6,NE,1,1,3,1,1,fragments,3.0,excenevex,Grand lac
Excenevex,74_Exc_6,NE,1,1,3,1,1,fibres,125.0,excenevex,Grand lac
Excenevex,74_Exc_6,NE,1,1,3,1,1,souple,0.0,excenevex,Grand lac
Excenevex,74_Exc_7,NE,1,1,3,1,1,fragments,0.0,excenevex,Grand lac
Excenevex,74_Exc_7,NE,1,1,3,1,1,fibres,120.0,excenevex,Grand lac
Excenevex,74_Exc_7,NE,1,1,3,1,1,souple,3.0,excenevex,Grand lac
Excenevex,74_Exc_8,NE,1,1,3,1,1,fragments,0.0,excenevex,Grand lac
Excenevex,74_Exc_8,NE,1,1,3,1,1,fibres,126.0,excenevex,Grand lac
Excenevex,74_Exc_8,NE,1,1,3,1,1,souple,2.0,excenevex,Grand lac
Excenevex,74_Exc_9,NE,2,1,3,1,1,fragments,36.0,excenevex,Grand lac
Excenevex,74_Exc_9,NE,2,1,3,1,1,fibres,157.0,excenevex,Grand lac
Excenevex,74_Exc_9,NE,2,1,3,1,1,souple,32.0,excenevex,Grand lac
Gland,VD_Gld_1,E,1,1,2,1,1,fragments,8.0,gland,Grand lac
Gland,VD_Gld_1,E,1,1,2,1,1,fibres,26.0,gland,Grand lac
Gland,VD_Gld_1,E,1,1,2,1,1,souple,6.0,gland,Grand lac
Grangettes,VD_Grs_1,NO,1,1,2,1,1,fragments,14.0,grangettes,Haut lac
Grangettes,VD_Grs_1,NO,1,1,2,1,1,fibres,181.0,grangettes,Haut lac
Grangettes,VD_Grs_1,NO,1,1,2,1,1,souple,502.0,grangettes,Haut lac
Grangettes,VD_Grs_2,NO,1,1,2,1,1,fragments,10.0,grangettes,Haut lac
Grangettes,VD_Grs_2,NO,1,1,2,1,1,fibres,112.0,grangettes,Haut lac
Grangettes,VD_Grs_2,NO,1,1,2,1,1,souple,166.0,grangettes,Haut lac
Grangettes,VD_Grs_3,NO,1,1,2,1,1,fragments,10.0,grangettes,Haut lac
Grangettes,VD_Grs_3,NO,1,1,2,1,1,fibres,89.0,grangettes,Haut lac
Grangettes,VD_Grs_3,NO,1,1,2,1,1,souple,0.0,grangettes,Haut lac
Grangettes,VD_Grs_4,NO,1,1,2,1,1,fragments,6.0,grangettes,Haut lac
Grangettes,VD_Grs_4,NO,1,1,2,1,1,fibres,273.0,grangettes,Haut lac
Grangettes,VD_Grs_4,NO,1,1,2,1,1,souple,316.0,grangettes,Haut lac
Grangettes,VD_Grs_6,NO,2,1,2,1,1,fragments,5.0,grangettes,Haut lac
Grangettes,VD_Grs_6,NO,2,1,2,1,1,fibres,564.0,grangettes,Haut lac
Grangettes,VD_Grs_6,NO,2,1,2,1,1,souple,65.0,grangettes,Haut lac
Grangettes,VD_Grs_7,NO,2,1,2,1,1,fragments,2.0,grangettes,Haut lac
Grangettes,VD_Grs_7,NO,2,1,2,1,1,fibres,186.0,grangettes,Haut lac
Grangettes,VD_Grs_7,NO,2,1,2,1,1,souple,23.0,grangettes,Haut lac
Hermance,GE_Her_1,OSO,1,2,3,2,1,fragments,3.0,hermance,Petit lac
Hermance,GE_Her_1,OSO,1,2,3,2,1,fibres,79.0,hermance,Petit lac
Hermance,GE_Her_1,OSO,1,2,3,2,1,souple,0.0,hermance,Petit lac
Hermance,GE_Her_2,OSO,1,2,3,2,1,fragments,1.0,hermance,Petit lac
Hermance,GE_Her_2,OSO,1,2,3,2,1,fibres,25.0,hermance,Petit lac
Hermance,GE_Her_2,OSO,1,2,3,2,1,souple,0.0,hermance,Petit lac
Hermance,GE_Her_3,OSO,1,2,3,2,1,fragments,4.0,hermance,Petit lac
Hermance,GE_Her_3,OSO,1,2,3,2,1,fibres,69.0,hermance,Petit lac
Hermance,GE_Her_3,OSO,1,2,3,2,1,souple,0.0,hermance,Petit lac
Hermance,GE_Her_4,OSO,1,2,3,2,1,fragments,9.0,hermance,Petit lac
Hermance,GE_Her_4,OSO,1,2,3,2,1,fibres,76.0,hermance,Petit lac
Hermance,GE_Her_4,OSO,1,2,3,2,1,souple,0.0,hermance,Petit lac
Hermance,GE_Her_5,OSO,2,2,3,2,1,fragments,12.0,hermance,Petit lac
Hermance,GE_Her_5,OSO,2,2,3,2,1,fibres,206.0,hermance,Petit lac
Hermance,GE_Her_5,OSO,2,2,3,2,1,souple,14.0,hermance,Petit lac
Hermance,GE_Her_6,OSO,2,2,3,2,1,fragments,10.0,hermance,Petit lac
Hermance,GE_Her_6,OSO,2,2,3,2,1,fibres,188.0,hermance,Petit lac
Hermance,GE_Her_6,OSO,2,2,3,2,1,souple,12.0,hermance,Petit lac
Hermance,GE_Her_7,OSO,2,2,3,2,1,fragments,12.0,hermance,Petit lac
Hermance,GE_Her_7,OSO,2,2,3,2,1,fibres,257.0,hermance,Petit lac
Hermance,GE_Her_7,OSO,2,2,3,2,1,souple,23.0,hermance,Petit lac
Hermance,GE_Her_8,OSO,2,2,3,2,1,fragments,3.0,hermance,Petit lac
Hermance,GE_Her_8,OSO,2,2,3,2,1,fibres,45.0,hermance,Petit lac
Hermance,GE_Her_8,OSO,2,2,3,2,1,souple,9.0,hermance,Petit lac
Hermance,GE_Her_9,OSO,2,2,3,2,1,fragments,6.0,hermance,Petit lac
Hermance,GE_Her_9,OSO,2,2,3,2,1,fibres,437.0,hermance,Petit lac
Hermance,GE_Her_9,OSO,2,2,3,2,1,souple,20.0,hermance,Petit lac
Lugrin,74_Lug_1,NNE,1,2,2,1,1,fragments,12.0,lugrin,Grand lac
Lugrin,74_Lug_1,NNE,1,2,2,1,1,fibres,110.0,lugrin,Grand lac
Lugrin,74_Lug_1,NNE,1,2,2,1,1,souple,4.0,lugrin,Grand lac
Lugrin,74_Lug_2,N,1,2,2,1,1,fragments,3.0,lugrin,Grand lac
Lugrin,74_Lug_2,N,1,2,2,1,1,fibres,126.0,lugrin,Grand lac
Lugrin,74_Lug_2,N,1,2,2,1,1,souple,6.0,lugrin,Grand lac
Lugrin,74_Lug_3,NNO,1,2,2,1,1,fragments,1.0,lugrin,Grand lac
Lugrin,74_Lug_3,NNO,1,2,2,1,1,fibres,66.0,lugrin,Grand lac
Lugrin,74_Lug_3,NNO,1,2,2,1,1,souple,5.0,lugrin,Grand lac
Lugrin,74_Lug_4,N,2,2,2,1,1,fragments,3.0,lugrin,Grand lac
Lugrin,74_Lug_4,N,2,2,2,1,1,fibres,54.0,lugrin,Grand lac
Lugrin,74_Lug_4,N,2,2,2,1,1,souple,25.0,lugrin,Grand lac
Lugrin,74_Lug_5,N,2,2,2,1,1,fragments,31.0,lugrin,Grand lac
Lugrin,74_Lug_5,N,2,2,2,1,1,fibres,567.0,lugrin,Grand lac
Lugrin,74_Lug_5,N,2,2,2,1,1,souple,113.0,lugrin,Grand lac
Lutry,VD_Lut_1,SSE,1,2,3,2,1,fragments,0.0,lutry,Grand lac
Lutry,VD_Lut_1,SSE,1,2,3,2,1,fibres,126.0,lutry,Grand lac
Lutry,VD_Lut_1,SSE,1,2,3,2,1,souple,0.0,lutry,Grand lac
Lutry,VD_Lut_2,SE,1,2,3,2,1,fragments,7.0,lutry,Grand lac
Lutry,VD_Lut_2,SE,1,2,3,2,1,fibres,61.0,lutry,Grand lac
Lutry,VD_Lut_2,SE,1,2,3,2,1,souple,1.0,lutry,Grand lac
Lutry,VD_Lut_3,SE,1,2,3,2,1,fragments,2.0,lutry,Grand lac
Lutry,VD_Lut_3,SE,1,2,3,2,1,fibres,68.0,lutry,Grand lac
Lutry,VD_Lut_3,SE,1,2,3,2,1,souple,2.0,lutry,Grand lac
Lutry,VD_Lut_4,SE,1,2,3,2,1,fragments,2.0,lutry,Grand lac
Lutry,VD_Lut_4,SE,1,2,3,2,1,fibres,39.0,lutry,Grand lac
Lutry,VD_Lut_4,SE,1,2,3,2,1,souple,0.0,lutry,Grand lac
Lutry,VD_Lut_5,SSE,2,1,3,2,1,fragments,4.0,lutry,Grand lac
Lutry,VD_Lut_5,SSE,2,1,3,2,1,fibres,77.0,lutry,Grand lac
Lutry,VD_Lut_5,SSE,2,1,3,2,1,souple,13.0,lutry,Grand lac
Lutry,VD_Lut_6,SE,2,1,3,2,1,fragments,19.0,lutry,Grand lac
Lutry,VD_Lut_6,SE,2,1,3,2,1,fibres,394.0,lutry,Grand lac
Lutry,VD_Lut_6,SE,2,1,3,2,1,souple,57.0,lutry,Grand lac
Lutry,VD_Lut_8,SE,2,1,3,2,1,fragments,3.0,lutry,Grand lac
Lutry,VD_Lut_8,SE,2,1,3,2,1,fibres,146.0,lutry,Grand lac
Lutry,VD_Lut_8,SE,2,1,3,2,1,souple,36.0,lutry,Grand lac
Meillerie,74_Mei_1,N,1,1,2,2,2,fragments,26.0,meillerie,Haut lac
Meillerie,74_Mei_1,N,1,1,2,2,2,fibres,26.0,meillerie,Haut lac
Meillerie,74_Mei_1,N,1,1,2,2,2,souple,5.0,meillerie,Haut lac
Pichette,VD_Pic_1,SSE,1,2,2,1,1,fragments,2.0,pichette,Haut lac
Pichette,VD_Pic_1,SSE,1,2,2,1,1,fibres,18.0,pichette,Haut lac
Pichette,VD_Pic_1,SSE,1,2,2,1,1,souple,0.0,pichette,Haut lac
Pichette,VD_Pic_2,S,1,2,2,1,1,fragments,6.0,pichette,Haut lac
Pichette,VD_Pic_2,S,1,2,2,1,1,fibres,107.0,pichette,Haut lac
Pichette,VD_Pic_2,S,1,2,2,1,1,souple,0.0,pichette,Haut lac
Pichette,VD_Pic_3,SSE,1,2,2,1,1,fragments,8.0,pichette,Haut lac
Pichette,VD_Pic_3,SSE,1,2,2,1,1,fibres,75.0,pichette,Haut lac
Pichette,VD_Pic_3,SSE,1,2,2,1,1,souple,0.0,pichette,Haut lac
Pichette,VD_Pic_4,SSE,2,2,2,1,1,fragments,185.0,pichette,Haut lac
Pichette,VD_Pic_4,SSE,2,2,2,1,1,fibres,369.0,pichette,Haut lac
Pichette,VD_Pic_4,SSE,2,2,2,1,1,souple,5.0,pichette,Haut lac
Port Choiseul,GE_Por_1,NE,1,2,3,2,1,fragments,2.0,port-choiseul,Petit lac
Port Choiseul,GE_Por_1,NE,1,2,3,2,1,fibres,37.0,port-choiseul,Petit lac
Port Choiseul,GE_Por_1,NE,1,2,3,2,1,souple,1.0,port-choiseul,Petit lac
Port Choiseul,GE_Por_2,NE,1,2,3,2,1,fragments,1.0,port-choiseul,Petit lac
Port Choiseul,GE_Por_2,NE,1,2,3,2,1,fibres,61.0,port-choiseul,Petit lac
Port Choiseul,GE_Por_2,NE,1,2,3,2,1,souple,0.0,port-choiseul,Petit lac
Port Choiseul,GE_Por_3,NE,1,2,3,2,1,fragments,10.0,port-choiseul,Petit lac
Port Choiseul,GE_Por_3,NE,1,2,3,2,1,fibres,80.0,port-choiseul,Petit lac
Port Choiseul,GE_Por_3,NE,1,2,3,2,1,souple,1.0,port-choiseul,Petit lac
Port Choiseul,GE_Por_4,NE,1,2,3,2,1,fragments,3.0,port-choiseul,Petit lac
Port Choiseul,GE_Por_4,NE,1,2,3,2,1,fibres,62.0,port-choiseul,Petit lac
Port Choiseul,GE_Por_4,NE,1,2,3,2,1,souple,5.0,port-choiseul,Petit lac
Port Choiseul,GE_Por_5,NE,1,2,3,2,1,fragments,0.0,port-choiseul,Petit lac
Port Choiseul,GE_Por_5,NE,1,2,3,2,1,fibres,35.0,port-choiseul,Petit lac
Port Choiseul,GE_Por_5,NE,1,2,3,2,1,souple,1.0,port-choiseul,Petit lac
Port Choiseul,GE_Por_6,NE,1,2,3,2,1,fragments,1.0,port-choiseul,Petit lac
Port Choiseul,GE_Por_6,NE,1,2,3,2,1,fibres,84.0,port-choiseul,Petit lac
Port Choiseul,GE_Por_6,NE,1,2,3,2,1,souple,0.0,port-choiseul,Petit lac
Port Choiseul,GE_Por_9,NE,2,2,3,2,1,fragments,157.0,port-choiseul,Petit lac
Port Choiseul,GE_Por_9,NE,2,2,3,2,1,fibres,789.0,port-choiseul,Petit lac
Port Choiseul,GE_Por_9,NE,2,2,3,2,1,souple,31.0,port-choiseul,Petit lac
Préverenges,VD_Pré_1,SO,1,1,3,1,1,fragments,16.0,preverenges,Grand lac
Préverenges,VD_Pré_1,SO,1,1,3,1,1,fibres,179.0,preverenges,Grand lac
Préverenges,VD_Pré_1,SO,1,1,3,1,1,souple,3.0,preverenges,Grand lac
Préverenges,VD_Pré_10,SO,1,1,3,1,1,fragments,40.0,preverenges,Grand lac
Préverenges,VD_Pré_10,SO,1,1,3,1,1,fibres,53.0,preverenges,Grand lac
Préverenges,VD_Pré_10,SO,1,1,3,1,1,souple,2.0,preverenges,Grand lac
Préverenges,VD_Pré_11,SO,2,1,3,1,1,fragments,23.0,preverenges,Grand lac
Préverenges,VD_Pré_11,SO,2,1,3,1,1,fibres,224.0,preverenges,Grand lac
Préverenges,VD_Pré_11,SO,2,1,3,1,1,souple,6.0,preverenges,Grand lac
Préverenges,VD_Pré_12,SO,2,1,3,1,1,fragments,13.0,preverenges,Grand lac
Préverenges,VD_Pré_12,SO,2,1,3,1,1,fibres,124.0,preverenges,Grand lac
Préverenges,VD_Pré_12,SO,2,1,3,1,1,souple,2.0,preverenges,Grand lac
Préverenges,VD_Pré_13,SO,2,1,3,1,1,fragments,11.0,preverenges,Grand lac
Préverenges,VD_Pré_13,SO,2,1,3,1,1,fibres,253.0,preverenges,Grand lac
Préverenges,VD_Pré_13,SO,2,1,3,1,1,souple,12.0,preverenges,Grand lac
Préverenges,VD_Pré_14,SO,2,1,3,1,1,fragments,26.0,preverenges,Grand lac
Préverenges,VD_Pré_14,SO,2,1,3,1,1,fibres,208.0,preverenges,Grand lac
Préverenges,VD_Pré_14,SO,2,1,3,1,1,souple,8.0,preverenges,Grand lac
Préverenges,VD_Pré_15,SO,2,1,3,1,1,fragments,15.0,preverenges,Grand lac
Préverenges,VD_Pré_15,SO,2,1,3,1,1,fibres,285.0,preverenges,Grand lac
Préverenges,VD_Pré_15,SO,2,1,3,1,1,souple,60.0,preverenges,Grand lac
Préverenges,VD_Pré_16,SO,2,1,3,1,1,fragments,14.0,preverenges,Grand lac
Préverenges,VD_Pré_16,SO,2,1,3,1,1,fibres,94.0,preverenges,Grand lac
Préverenges,VD_Pré_16,SO,2,1,3,1,1,souple,6.0,preverenges,Grand lac
Préverenges,VD_Pré_17,SO,2,1,3,1,1,fragments,21.0,preverenges,Grand lac
Préverenges,VD_Pré_17,SO,2,1,3,1,1,fibres,130.0,preverenges,Grand lac
Préverenges,VD_Pré_17,SO,2,1,3,1,1,souple,6.0,preverenges,Grand lac
Préverenges,VD_Pré_19,SO,2,1,3,1,1,fragments,18.0,preverenges,Grand lac
Préverenges,VD_Pré_19,SO,2,1,3,1,1,fibres,120.0,preverenges,Grand lac
Préverenges,VD_Pré_19,SO,2,1,3,1,1,souple,4.0,preverenges,Grand lac
Préverenges,VD_Pré_2,SO,1,1,3,1,1,fragments,40.0,preverenges,Grand lac
Préverenges,VD_Pré_2,SO,1,1,3,1,1,fibres,240.0,preverenges,Grand lac
Préverenges,VD_Pré_2,SO,1,1,3,1,1,souple,604.0,preverenges,Grand lac
Préverenges,VD_Pré_20,SO,2,1,3,1,1,fragments,29.0,preverenges,Grand lac
Préverenges,VD_Pré_20,SO,2,1,3,1,1,fibres,121.0,preverenges,Grand lac
Préverenges,VD_Pré_20,SO,2,1,3,1,1,souple,7.0,preverenges,Grand lac
Préverenges,VD_Pré_21,SO,2,1,3,1,1,fragments,85.0,preverenges,Grand lac
Préverenges,VD_Pré_21,SO,2,1,3,1,1,fibres,206.0,preverenges,Grand lac
Préverenges,VD_Pré_21,SO,2,1,3,1,1,souple,11.0,preverenges,Grand lac
Préverenges,VD_Pré_22,SO,2,1,3,1,1,fragments,31.0,preverenges,Grand lac
Préverenges,VD_Pré_22,SO,2,1,3,1,1,fibres,93.0,preverenges,Grand lac
Préverenges,VD_Pré_22,SO,2,1,3,1,1,souple,22.0,preverenges,Grand lac
Préverenges,VD_Pré_23,SO,2,1,3,1,1,fragments,7.0,preverenges,Grand lac
Préverenges,VD_Pré_23,SO,2,1,3,1,1,fibres,67.0,preverenges,Grand lac
Préverenges,VD_Pré_23,SO,2,1,3,1,1,souple,16.0,preverenges,Grand lac
Préverenges,VD_Pré_24,SO,2,1,3,1,1,fragments,2.0,preverenges,Grand lac
Préverenges,VD_Pré_24,SO,2,1,3,1,1,fibres,91.0,preverenges,Grand lac
Préverenges,VD_Pré_24,SO,2,1,3,1,1,souple,16.0,preverenges,Grand lac
Préverenges,VD_Pré_3,SO,1,1,3,1,1,fragments,112.0,preverenges,Grand lac
Préverenges,VD_Pré_3,SO,1,1,3,1,1,fibres,251.0,preverenges,Grand lac
Préverenges,VD_Pré_3,SO,1,1,3,1,1,souple,118.0,preverenges,Grand lac
Préverenges,VD_Pré_4,SO,1,1,3,1,1,fragments,41.0,preverenges,Grand lac
Préverenges,VD_Pré_4,SO,1,1,3,1,1,fibres,36.0,preverenges,Grand lac
Préverenges,VD_Pré_4,SO,1,1,3,1,1,souple,1.0,preverenges,Grand lac
Préverenges,VD_Pré_5,SO,1,1,3,1,1,fragments,58.0,preverenges,Grand lac
Préverenges,VD_Pré_5,SO,1,1,3,1,1,fibres,67.0,preverenges,Grand lac
Préverenges,VD_Pré_5,SO,1,1,3,1,1,souple,3.0,preverenges,Grand lac
Préverenges,VD_Pré_6,SO,1,1,3,1,1,fragments,15.0,preverenges,Grand lac
Préverenges,VD_Pré_6,SO,1,1,3,1,1,fibres,69.0,preverenges,Grand lac
Préverenges,VD_Pré_6,SO,1,1,3,1,1,souple,2.0,preverenges,Grand lac
Préverenges,VD_Pré_7,SO,1,1,3,1,1,fragments,32.0,preverenges,Grand lac
Préverenges,VD_Pré_7,SO,1,1,3,1,1,fibres,110.0,preverenges,Grand lac
Préverenges,VD_Pré_7,SO,1,1,3,1,1,souple,6.0,preverenges,Grand lac
Préverenges,VD_Pré_8,SO,1,1,3,1,1,fragments,9.0,preverenges,Grand lac
Préverenges,VD_Pré_8,SO,1,1,3,1,1,fibres,132.0,preverenges,Grand lac
Préverenges,VD_Pré_8,SO,1,1,3,1,1,souple,10.0,preverenges,Grand lac
Préverenges,VD_Pré_9,SO,1,1,3,1,1,fragments,43.0,preverenges,Grand lac
Préverenges,VD_Pré_9,SO,1,1,3,1,1,fibres,118.0,preverenges,Grand lac
Préverenges,VD_Pré_9,SO,1,1,3,1,1,souple,13.0,preverenges,Grand lac
Rolle,VD_Rol_1,SSO,1,1,3,2,1,fragments,30.0,rolle,Grand lac
Rolle,VD_Rol_1,SSO,1,1,3,2,1,fibres,67.0,rolle,Grand lac
Rolle,VD_Rol_1,SSO,1,1,3,2,1,souple,2.0,rolle,Grand lac
Rolle,VD_Rol_10,S,1,1,3,2,1,fragments,10.0,rolle,Grand lac
Rolle,VD_Rol_10,S,1,1,3,2,1,fibres,72.0,rolle,Grand lac
Rolle,VD_Rol_10,S,1,1,3,2,1,souple,3.0,rolle,Grand lac
Rolle,VD_Rol_11,SSO,2,1,3,2,1,fragments,36.0,rolle,Grand lac
Rolle,VD_Rol_11,SSO,2,1,3,2,1,fibres,155.0,rolle,Grand lac
Rolle,VD_Rol_11,SSO,2,1,3,2,1,souple,1.0,rolle,Grand lac
Rolle,VD_Rol_12,SSO,2,1,3,2,1,fragments,20.0,rolle,Grand lac
Rolle,VD_Rol_12,SSO,2,1,3,2,1,fibres,99.0,rolle,Grand lac
Rolle,VD_Rol_12,SSO,2,1,3,2,1,souple,5.0,rolle,Grand lac
Rolle,VD_Rol_13,SSO,2,1,3,2,1,fragments,198.0,rolle,Grand lac
Rolle,VD_Rol_13,SSO,2,1,3,2,1,fibres,156.0,rolle,Grand lac
Rolle,VD_Rol_13,SSO,2,1,3,2,1,souple,1.0,rolle,Grand lac
Rolle,VD_Rol_14,S,2,1,3,2,1,fragments,43.0,rolle,Grand lac
Rolle,VD_Rol_14,S,2,1,3,2,1,fibres,72.0,rolle,Grand lac
Rolle,VD_Rol_14,S,2,1,3,2,1,souple,1.0,rolle,Grand lac
Rolle,VD_Rol_15,S,2,1,3,2,1,fragments,42.0,rolle,Grand lac
Rolle,VD_Rol_15,S,2,1,3,2,1,fibres,131.0,rolle,Grand lac
Rolle,VD_Rol_15,S,2,1,3,2,1,souple,2.0,rolle,Grand lac
Rolle,VD_Rol_16,S,2,1,3,2,1,fragments,12.0,rolle,Grand lac
Rolle,VD_Rol_16,S,2,1,3,2,1,fibres,155.0,rolle,Grand lac
Rolle,VD_Rol_16,S,2,1,3,2,1,souple,4.0,rolle,Grand lac
Rolle,VD_Rol_17,SSE,2,1,3,2,1,fragments,16.0,rolle,Grand lac
Rolle,VD_Rol_17,SSE,2,1,3,2,1,fibres,84.0,rolle,Grand lac
Rolle,VD_Rol_17,SSE,2,1,3,2,1,souple,5.0,rolle,Grand lac
Rolle,VD_Rol_18,S,2,1,3,2,1,fragments,12.0,rolle,Grand lac
Rolle,VD_Rol_18,S,2,1,3,2,1,fibres,58.0,rolle,Grand lac
Rolle,VD_Rol_18,S,2,1,3,2,1,souple,0.0,rolle,Grand lac
Rolle,VD_Rol_19,S,2,1,3,2,1,fragments,33.0,rolle,Grand lac
Rolle,VD_Rol_19,S,2,1,3,2,1,fibres,97.0,rolle,Grand lac
Rolle,VD_Rol_19,S,2,1,3,2,1,souple,4.0,rolle,Grand lac
Rolle,VD_Rol_2,SSO,1,1,3,2,1,fragments,35.0,rolle,Grand lac
Rolle,VD_Rol_2,SSO,1,1,3,2,1,fibres,28.0,rolle,Grand lac
Rolle,VD_Rol_2,SSO,1,1,3,2,1,souple,0.0,rolle,Grand lac
Rolle,VD_Rol_20,S,2,1,3,2,1,fragments,31.0,rolle,Grand lac
Rolle,VD_Rol_20,S,2,1,3,2,1,fibres,98.0,rolle,Grand lac
Rolle,VD_Rol_20,S,2,1,3,2,1,souple,7.0,rolle,Grand lac
Rolle,VD_Rol_21,SSE,2,1,3,2,1,fragments,154.0,rolle,Grand lac
Rolle,VD_Rol_21,SSE,2,1,3,2,1,fibres,240.0,rolle,Grand lac
Rolle,VD_Rol_21,SSE,2,1,3,2,1,souple,6.0,rolle,Grand lac
Rolle,VD_Rol_3,SSO,1,1,3,2,1,fragments,15.0,rolle,Grand lac
Rolle,VD_Rol_3,SSO,1,1,3,2,1,fibres,60.0,rolle,Grand lac
Rolle,VD_Rol_3,SSO,1,1,3,2,1,souple,3.0,rolle,Grand lac
Rolle,VD_Rol_4,SSO,1,1,3,2,1,fragments,24.0,rolle,Grand lac
Rolle,VD_Rol_4,SSO,1,1,3,2,1,fibres,160.0,rolle,Grand lac
Rolle,VD_Rol_4,SSO,1,1,3,2,1,souple,2.0,rolle,Grand lac
Rolle,VD_Rol_5,S,1,1,3,2,1,fragments,21.0,rolle,Grand lac
Rolle,VD_Rol_5,S,1,1,3,2,1,fibres,98.0,rolle,Grand lac
Rolle,VD_Rol_5,S,1,1,3,2,1,souple,2.0,rolle,Grand lac
Rolle,VD_Rol_6,S,1,1,3,2,1,fragments,40.0,rolle,Grand lac
Rolle,VD_Rol_6,S,1,1,3,2,1,fibres,145.0,rolle,Grand lac
Rolle,VD_Rol_6,S,1,1,3,2,1,souple,9.0,rolle,Grand lac
Rolle,VD_Rol_7,S,1,1,3,2,1,fragments,21.0,rolle,Grand lac
Rolle,VD_Rol_7,S,1,1,3,2,1,fibres,177.0,rolle,Grand lac
Rolle,VD_Rol_7,S,1,1,3,2,1,souple,2.0,rolle,Grand lac
Rolle,VD_Rol_8,SSE,1,1,3,2,1,fragments,41.0,rolle,Grand lac
Rolle,VD_Rol_8,SSE,1,1,3,2,1,fibres,83.0,rolle,Grand lac
Rolle,VD_Rol_8,SSE,1,1,3,2,1,souple,6.0,rolle,Grand lac
Rolle,VD_Rol_9,SSE,1,1,3,2,1,fragments,21.0,rolle,Grand lac
Rolle,VD_Rol_9,SSE,1,1,3,2,1,fibres,72.0,rolle,Grand lac
Rolle,VD_Rol_9,SSE,1,1,3,2,1,souple,2.0,rolle,Grand lac
Saint-Disdille,74_StD_1,N,1,2,2,1,1,fragments,15.0,saint-disdille,Grand lac
Saint-Disdille,74_StD_1,N,1,2,2,1,1,fibres,79.0,saint-disdille,Grand lac
Saint-Disdille,74_StD_1,N,1,2,2,1,1,souple,2.0,saint-disdille,Grand lac
Saint-Disdille,74_StD_2,N,1,2,2,1,1,fragments,14.0,saint-disdille,Grand lac
Saint-Disdille,74_StD_2,N,1,2,2,1,1,fibres,221.0,saint-disdille,Grand lac
Saint-Disdille,74_StD_2,N,1,2,2,1,1,souple,11.0,saint-disdille,Grand lac
Saint-Disdille,74_StD_3,NNO,1,2,2,1,1,fragments,43.0,saint-disdille,Grand lac
Saint-Disdille,74_StD_3,NNO,1,2,2,1,1,fibres,261.0,saint-disdille,Grand lac
Saint-Disdille,74_StD_3,NNO,1,2,2,1,1,souple,30.0,saint-disdille,Grand lac
Saint-Disdille,74_StD_4,NNO,1,2,2,1,1,fragments,8.0,saint-disdille,Grand lac
Saint-Disdille,74_StD_4,NNO,1,2,2,1,1,fibres,115.0,saint-disdille,Grand lac
Saint-Disdille,74_StD_4,NNO,1,2,2,1,1,souple,8.0,saint-disdille,Grand lac
Saint-Disdille,74_StD_5,NNO,1,2,2,1,1,fragments,1.0,saint-disdille,Grand lac
Saint-Disdille,74_StD_5,NNO,1,2,2,1,1,fibres,116.0,saint-disdille,Grand lac
Saint-Disdille,74_StD_5,NNO,1,2,2,1,1,souple,0.0,saint-disdille,Grand lac
Saint-Disdille,74_StD_6,NO,1,2,2,1,1,fragments,40.0,saint-disdille,Grand lac
Saint-Disdille,74_StD_6,NO,1,2,2,1,1,fibres,113.0,saint-disdille,Grand lac
Saint-Disdille,74_StD_6,NO,1,2,2,1,1,souple,2.0,saint-disdille,Grand lac
Savonnière,GE_Sav_1,NO,1,2,3,1,1,fragments,10.0,savonniere,Petit lac
Savonnière,GE_Sav_1,NO,1,2,3,1,1,fibres,110.0,savonniere,Petit lac
Savonnière,GE_Sav_1,NO,1,2,3,1,1,souple,0.0,savonniere,Petit lac
Savonnière,GE_Sav_2,NO,1,2,3,1,1,fragments,2.0,savonniere,Petit lac
Savonnière,GE_Sav_2,NO,1,2,3,1,1,fibres,24.0,savonniere,Petit lac
Savonnière,GE_Sav_2,NO,1,2,3,1,1,souple,0.0,savonniere,Petit lac
Savonnière,GE_Sav_3,OSO,1,2,3,1,1,fragments,34.0,savonniere,Petit lac
Savonnière,GE_Sav_3,OSO,1,2,3,1,1,fibres,210.0,savonniere,Petit lac
Savonnière,GE_Sav_3,OSO,1,2,3,1,1,souple,0.0,savonniere,Petit lac
Savonnière,GE_Sav_4,NO,2,1,3,1,1,fragments,28.0,savonniere,Petit lac
Savonnière,GE_Sav_4,NO,2,1,3,1,1,fibres,280.0,savonniere,Petit lac
Savonnière,GE_Sav_4,NO,2,1,3,1,1,souple,63.0,savonniere,Petit lac
Savonnière,GE_Sav_6,NO,2,1,3,1,1,fragments,56.0,savonniere,Petit lac
Savonnière,GE_Sav_6,NO,2,1,3,1,1,fibres,341.0,savonniere,Petit lac
Savonnière,GE_Sav_6,NO,2,1,3,1,1,souple,165.0,savonniere,Petit lac
Savonnière,GE_Sav_7,NO,2,1,3,1,1,fragments,8.0,savonniere,Petit lac
Savonnière,GE_Sav_7,NO,2,1,3,1,1,fibres,106.0,savonniere,Petit lac
Savonnière,GE_Sav_7,NO,2,1,3,1,1,souple,32.0,savonniere,Petit lac
Savonnière,GE_Sav_8,NO,2,1,3,1,1,fragments,8.0,savonniere,Petit lac
Savonnière,GE_Sav_8,NO,2,1,3,1,1,fibres,180.0,savonniere,Petit lac
Savonnière,GE_Sav_8,NO,2,1,3,1,1,souple,32.0,savonniere,Petit lac
Savonnière,GE_Sav_9,NO,2,1,3,1,1,fragments,19.0,savonniere,Petit lac
Savonnière,GE_Sav_9,NO,2,1,3,1,1,fibres,375.0,savonniere,Petit lac
Savonnière,GE_Sav_9,NO,2,1,3,1,1,souple,62.0,savonniere,Petit lac
Tolochenaz,VD_Tol_1,SE,1,1,2,1,2,fragments,3.0,tolochenaz,Grand lac
Tolochenaz,VD_Tol_1,SE,1,1,2,1,2,fibres,54.0,tolochenaz,Grand lac
Tolochenaz,VD_Tol_1,SE,1,1,2,1,2,souple,0.0,tolochenaz,Grand lac
Tolochenaz,VD_Tol_2,SE,1,1,2,1,2,fragments,1.0,tolochenaz,Grand lac
Tolochenaz,VD_Tol_2,SE,1,1,2,1,2,fibres,54.0,tolochenaz,Grand lac
Tolochenaz,VD_Tol_2,SE,1,1,2,1,2,souple,0.0,tolochenaz,Grand lac
Tolochenaz,VD_Tol_3,ENE,1,1,2,1,2,fragments,7.0,tolochenaz,Grand lac
Tolochenaz,VD_Tol_3,ENE,1,1,2,1,2,fibres,82.0,tolochenaz,Grand lac
Tolochenaz,VD_Tol_3,ENE,1,1,2,1,2,souple,0.0,tolochenaz,Grand lac
Tolochenaz,VD_Tol_4,ENE,1,1,2,1,2,fragments,6.0,tolochenaz,Grand lac
Tolochenaz,VD_Tol_4,ENE,1,1,2,1,2,fibres,176.0,tolochenaz,Grand lac
Tolochenaz,VD_Tol_4,ENE,1,1,2,1,2,souple,0.0,tolochenaz,Grand lac
Tougues,74_Tou_1,NO,1,1,3,1,1,fragments,3.0,tougues,Petit lac
Tougues,74_Tou_1,NO,1,1,3,1,1,fibres,63.0,tougues,Petit lac
Tougues,74_Tou_1,NO,1,1,3,1,1,souple,8.0,tougues,Petit lac
Tougues,74_Tou_10,NO,2,1,3,1,1,fragments,6.0,tougues,Petit lac
Tougues,74_Tou_10,NO,2,1,3,1,1,fibres,187.0,tougues,Petit lac
Tougues,74_Tou_10,NO,2,1,3,1,1,souple,26.0,tougues,Petit lac
Tougues,74_Tou_11,NO,2,1,3,1,1,fragments,12.0,tougues,Petit lac
Tougues,74_Tou_11,NO,2,1,3,1,1,fibres,118.0,tougues,Petit lac
Tougues,74_Tou_11,NO,2,1,3,1,1,souple,16.0,tougues,Petit lac
Tougues,74_Tou_2,NO,1,1,3,1,1,fragments,3.0,tougues,Petit lac
Tougues,74_Tou_2,NO,1,1,3,1,1,fibres,161.0,tougues,Petit lac
Tougues,74_Tou_2,NO,1,1,3,1,1,souple,2.0,tougues,Petit lac
Tougues,74_Tou_3,NO,1,1,3,1,1,fragments,6.0,tougues,Petit lac
Tougues,74_Tou_3,NO,1,1,3,1,1,fibres,21.0,tougues,Petit lac
Tougues,74_Tou_3,NO,1,1,3,1,1,souple,6.0,tougues,Petit lac
Tougues,74_Tou_4,NO,1,1,3,1,1,fragments,2.0,tougues,Petit lac
Tougues,74_Tou_4,NO,1,1,3,1,1,fibres,20.0,tougues,Petit lac
Tougues,74_Tou_4,NO,1,1,3,1,1,souple,3.0,tougues,Petit lac
Tougues,74_Tou_5,NO,1,1,3,1,1,fragments,8.0,tougues,Petit lac
Tougues,74_Tou_5,NO,1,1,3,1,1,fibres,43.0,tougues,Petit lac
Tougues,74_Tou_5,NO,1,1,3,1,1,souple,0.0,tougues,Petit lac
Tougues,74_Tou_6,NO,1,1,3,1,1,fragments,6.0,tougues,Petit lac
Tougues,74_Tou_6,NO,1,1,3,1,1,fibres,50.0,tougues,Petit lac
Tougues,74_Tou_6,NO,1,1,3,1,1,souple,1.0,tougues,Petit lac
Tougues,74_Tou_7,NO,2,1,3,1,1,fragments,6.0,tougues,Petit lac
Tougues,74_Tou_7,NO,2,1,3,1,1,fibres,114.0,tougues,Petit lac
Tougues,74_Tou_7,NO,2,1,3,1,1,souple,10.0,tougues,Petit lac
Tougues,74_Tou_8,NO,2,1,3,1,1,fragments,27.0,tougues,Petit lac
Tougues,74_Tou_8,NO,2,1,3,1,1,fibres,59.0,tougues,Petit lac
Tougues,74_Tou_8,NO,2,1,3,1,1,souple,30.0,tougues,Petit lac
Tougues,74_Tou_9,NO,2,1,3,1,1,fragments,7.0,tougues,Petit lac
Tougues,74_Tou_9,NO,2,1,3,1,1,fibres,156.0,tougues,Petit lac
Tougues,74_Tou_9,NO,2,1,3,1,1,souple,9.0,tougues,Petit lac
Versoix,GE_Ver_1,ESE,1,2,3,1,1,fragments,3.0,versoix,Petit lac
Versoix,GE_Ver_1,ESE,1,2,3,1,1,fibres,59.0,versoix,Petit lac
Versoix,GE_Ver_1,ESE,1,2,3,1,1,souple,0.0,versoix,Petit lac
Versoix,GE_Ver_2,ESE,1,2,3,1,1,fragments,10.0,versoix,Petit lac
Versoix,GE_Ver_2,ESE,1,2,3,1,1,fibres,134.0,versoix,Petit lac
Versoix,GE_Ver_2,ESE,1,2,3,1,1,souple,2.0,versoix,Petit lac
Versoix,GE_Ver_3,ESE,1,2,3,1,1,fragments,1.0,versoix,Petit lac
Versoix,GE_Ver_3,ESE,1,2,3,1,1,fibres,89.0,versoix,Petit lac
Versoix,GE_Ver_3,ESE,1,2,3,1,1,souple,0.0,versoix,Petit lac
Versoix,GE_Ver_4,ESE,2,2,3,1,1,fragments,17.0,versoix,Petit lac
Versoix,GE_Ver_4,ESE,2,2,3,1,1,fibres,84.0,versoix,Petit lac
Versoix,GE_Ver_4,ESE,2,2,3,1,1,souple,0.0,versoix,Petit lac
Vidy,VD_Vid_1,SO,1,1,3,2,1,fragments,2.0,vidy,Grand lac
Vidy,VD_Vid_1,SO,1,1,3,2,1,fibres,102.0,vidy,Grand lac
Vidy,VD_Vid_1,SO,1,1,3,2,1,souple,0.0,vidy,Grand lac
Vidy,VD_Vid_10,S,2,1,3,2,1,fragments,14.0,vidy,Grand lac
Vidy,VD_Vid_10,S,2,1,3,2,1,fibres,171.0,vidy,Grand lac
Vidy,VD_Vid_10,S,2,1,3,2,1,souple,82.0,vidy,Grand lac
Vidy,VD_Vid_11,SO,2,1,3,2,1,fragments,37.0,vidy,Grand lac
Vidy,VD_Vid_11,SO,2,1,3,2,1,fibres,124.0,vidy,Grand lac
Vidy,VD_Vid_11,SO,2,1,3,2,1,souple,33.0,vidy,Grand lac
Vidy,VD_Vid_12,SO,2,1,3,2,1,fragments,62.0,vidy,Grand lac
Vidy,VD_Vid_12,SO,2,1,3,2,1,fibres,129.0,vidy,Grand lac
Vidy,VD_Vid_12,SO,2,1,3,2,1,souple,62.0,vidy,Grand lac
Vidy,VD_Vid_2,SO,1,1,3,2,1,fragments,10.0,vidy,Grand lac
Vidy,VD_Vid_2,SO,1,1,3,2,1,fibres,202.0,vidy,Grand lac
Vidy,VD_Vid_2,SO,1,1,3,2,1,souple,1.0,vidy,Grand lac
Vidy,VD_Vid_3,SO,1,1,3,2,1,fragments,1.0,vidy,Grand lac
Vidy,VD_Vid_3,SO,1,1,3,2,1,fibres,39.0,vidy,Grand lac
Vidy,VD_Vid_3,SO,1,1,3,2,1,souple,0.0,vidy,Grand lac
Vidy,VD_Vid_4,S,1,1,3,2,1,fragments,2.0,vidy,Grand lac
Vidy,VD_Vid_4,S,1,1,3,2,1,fibres,24.0,vidy,Grand lac
Vidy,VD_Vid_4,S,1,1,3,2,1,souple,0.0,vidy,Grand lac
Vidy,VD_Vid_5,S,1,1,3,2,1,fragments,13.0,vidy,Grand lac
Vidy,VD_Vid_5,S,1,1,3,2,1,fibres,36.0,vidy,Grand lac
Vidy,VD_Vid_5,S,1,1,3,2,1,souple,2.0,vidy,Grand lac
Vidy,VD_Vid_6,SSE,1,1,3,2,1,fragments,1.0,vidy,Grand lac
Vidy,VD_Vid_6,SSE,1,1,3,2,1,fibres,34.0,vidy,Grand lac
Vidy,VD_Vid_6,SSE,1,1,3,2,1,souple,0.0,vidy,Grand lac
Vidy,VD_Vid_7,SO,2,1,3,2,1,fragments,45.0,vidy,Grand lac
Vidy,VD_Vid_7,SO,2,1,3,2,1,fibres,214.0,vidy,Grand lac
Vidy,VD_Vid_7,SO,2,1,3,2,1,souple,46.0,vidy,Grand lac
Vidy,VD_Vid_9,SO,2,1,3,2,1,fragments,15.0,vidy,Grand lac
Vidy,VD_Vid_9,SO,2,1,3,2,1,fibres,130.0,vidy,Grand lac
Vidy,VD_Vid_9,SO,2,1,3,2,1,souple,44.0,vidy,Grand lac
